id,year,month,day,tsunamiEventId,earthquakeEventId,volcanoLocationId,volcanoLocationNewNum,volcanoLocationNum,name,location,country,latitude,longitude,elevation,morphology,agent,deathsTotal,deathsAmountOrderTotal,damageAmountOrderTotal,significant,publish,eruption,status,timeErupt,vei,deathsAmountOrder,damageAmountOrder,housesDestroyedAmountOrderTotal,deaths,injuries,injuriesAmountOrder,injuriesTotal,injuriesAmountOrderTotal,housesDestroyedAmountOrder,housesDestroyed,housesDestroyedTotal,missingAmountOrder,missingAmountOrderTotal,missing,missingTotal,damageMillionsDollars,damageMillionsDollarsTotal
1,1169,2.0,4.0,2852.0,421.0,10106,211060,0101-06=,Etna,Italy,Italy,37.748,14.999,3357,Stratovolcano,"S,W",16000.0,4.0,4.0,True,False,True,Historical,D1,,,,,,,,,,,,,,,,,,
2,1329,7.0,15.0,,,10106,211060,0101-06=,Etna,Italy,Italy,37.748,14.999,3357,Stratovolcano,I,,3.0,,True,False,True,Historical,D1,3.0,3.0,,,,,,,,,,,,,,,,
3,1883,3.0,,,,30301,233010,0303-01=,Karthala,Indian O-W,Comoros,-11.75,43.38,2361,Shield volcano,L,,3.0,3.0,True,False,True,Historical,D1,2.0,3.0,3.0,,,,,,,,,,,,,,,
4,1888,3.0,13.0,1175.0,,50107,251070,0501-07=,Ritter Island,New Guinea-NE of,Papua New Guinea,-5.519,148.115,75,Stratovolcano,W,,4.0,3.0,True,False,True,Historical,D1,2.0,,,3.0,,,,,,,,,,,,,,
5,1850,,,,,50214,252140,0502-14=,Rabaul,New Britain-SW Pac,Papua New Guinea,-4.246,152.194,688,Pyroclastic shield,T,,3.0,,True,False,True,Historical,D1,2.0,3.0,,,,,,,,,,,,,,,,
6,1832,11.0,1.0,,,10106,211060,0101-06=,Etna,Italy,Italy,37.748,14.999,3357,Stratovolcano,L,,2.0,,True,False,True,Historical,D1,2.0,2.0,,,,,,,,,,,,,,,,
7,1977,1.0,10.0,,,20303,223030,0203-03=,Nyiragongo,Africa-C,"Congo, DRC",-1.52,29.25,3470,Stratovolcano,L,,2.0,3.0,True,False,True,Historical,D1,1.0,2.0,3.0,,,,,,,,,,,,,,,
8,787,,,,,10102,211020,0101-02=,Vesuvius,Italy,Italy,40.821,14.426,1281,Complex volcano,,,1.0,1.0,True,False,True,Historical,D2,3.0,1.0,1.0,,,,,,,,,,,,,,,
9,1779,8.0,8.0,,,10102,211020,0101-02=,Vesuvius,Italy,Italy,40.821,14.426,1281,Complex volcano,,,1.0,,True,False,True,Historical,D2,3.0,1.0,,,,,,,,,,,,,,,,
10,1302,,,,,10103,211030,0101-03=,Ischia,Italy,Italy,40.73,13.897,789,Complex volcano,,,1.0,,True,False,True,Historical,D6,,1.0,,,,,,,,,,,,,,,,
11,1907,8.0,4.0,,,201112,221112,0201-112,Alayta,Africa-NE,Ethiopia,12.888,40.573,1496,Shield volcano,,,1.0,,True,False,True,Historical,D2,2.0,1.0,,,,,,,,,,,,,,,,
12,1905,3.0,10.0,,,10102,211020,0101-02=,Vesuvius,Italy,Italy,40.821,14.426,1281,Complex volcano,T,1.0,1.0,,True,False,True,Historical,D2,2.0,1.0,,,1.0,1.0,1.0,1.0,1.0,,,,,,,,,
13,1986,7.0,24.0,,,10104,211040,0101-04=,Stromboli,Italy,Italy,38.789,15.213,924,Stratovolcano,T,1.0,1.0,,True,False,True,Historical,D1,2.0,1.0,,,1.0,,,,,,,,,,,,,
14,1536,3.0,26.0,,,10106,211060,0101-06=,Etna,Italy,Italy,37.748,14.999,3357,Stratovolcano,T,1.0,1.0,,True,False,True,Historical,D1,3.0,1.0,,,1.0,,,,,,,,,,,,,
15,1904,2.0,25.0,,,30301,233010,0303-01=,Karthala,Indian O-W,Comoros,-11.75,43.38,2361,Shield volcano,L,1.0,1.0,1.0,True,False,True,Historical,D1,2.0,1.0,1.0,,1.0,,,,,,,,,,,,,
16,1878,2.0,4.0,1095.0,6195.0,50214,252140,0502-14=,Rabaul,New Britain-SW Pac,Papua New Guinea,-4.246,152.194,688,Pyroclastic shield,T,1.0,1.0,,True,False,True,Historical,D1,3.0,1.0,,,1.0,,,,,,,,,,,,,
17,1737,5.0,20.0,,,10102,211020,0101-02=,Vesuvius,Italy,Italy,40.821,14.426,1281,Complex volcano,T,2.0,1.0,2.0,True,False,True,Historical,D2,3.0,1.0,2.0,,2.0,,,,,,,,,,,,,
18,1917,4.0,1.0,,,40105,241050,0401-05=,Okataina,New Zealand,New Zealand,-38.157,176.507,1111,Lava dome,T,2.0,1.0,,True,False,True,Historical,D1,1.0,1.0,,,2.0,3.0,1.0,3.0,1.0,,,,,,,,,
19,1899,,,,,50102,251020,0501-02=,Manam,New Guinea-NE of,Papua New Guinea,-4.08,145.037,1807,Stratovolcano,,2.0,1.0,,True,False,True,Historical,D1,2.0,1.0,,,2.0,,,,,,,,,,,,,
20,1979,3.0,8.0,,,50103,251030,0501-03=,Karkar,New Guinea-NE of,Papua New Guinea,-4.647,145.976,1839,Stratovolcano,P,2.0,1.0,,True,False,True,Historical,D1,2.0,1.0,,,2.0,,,,,,,,,,,,,
21,1970,3.0,2.0,,,10101,211010,0101-01=,Campi Flegrei,Italy,Italy,40.827,14.139,458,Caldera,S,3.0,1.0,1.0,True,False,False,Historical,D5,,1.0,1.0,1.0,3.0,,,,,1.0,,,,,,,,
22,1972,8.0,,,,30302,233020,0303-02=,"Fournaise, Piton de la",Indian O-W,Reunion,-21.244,55.708,2632,Shield volcano,I,3.0,1.0,,True,False,True,Historical,D1,2.0,1.0,,,3.0,,,,,,,,,,,,,
23,1682,8.0,12.0,,,10102,211020,0101-02=,Vesuvius,Italy,Italy,40.821,14.426,1281,Complex volcano,,4.0,1.0,,True,False,True,Historical,D2,3.0,1.0,,,4.0,,,,,,,,,,,,,
24,1805,8.0,11.0,,,10102,211020,0101-02=,Vesuvius,Italy,Italy,40.821,14.426,1281,Complex volcano,,4.0,1.0,,True,False,True,Historical,D2,2.0,1.0,,,4.0,,,,,,,,,,,,,
25,1919,5.0,22.0,1476.0,,10104,211040,0101-04=,Stromboli,Italy,Italy,38.789,15.213,924,Stratovolcano,T,4.0,1.0,1.0,True,False,True,Historical,D1,3.0,1.0,1.0,1.0,4.0,,3.0,,3.0,1.0,10.0,10.0,,,,,,
26,1930,9.0,11.0,4218.0,,10104,211040,0101-04=,Stromboli,Italy,Italy,38.789,15.213,924,Stratovolcano,"P,W,T",6.0,1.0,2.0,True,False,True,Historical,D1,3.0,1.0,2.0,,5.0,20.0,1.0,20.0,1.0,,,,,,,,,
27,1903,8.0,30.0,,,40105,241050,0401-05=,Okataina,New Zealand,New Zealand,-38.157,176.507,1111,Lava dome,T,4.0,1.0,,True,False,True,Historical,D1,1.0,1.0,,,4.0,,,,,,,,,,,,,
28,1928,11.0,8.0,,,10106,211060,0101-06=,Etna,Italy,Italy,37.748,14.999,3357,Stratovolcano,L,5.0,1.0,,True,False,True,Historical,D1,1.0,1.0,,,5.0,,,,,,,,,,,,,
29,1872,4.0,24.0,,,10102,211020,0101-02=,Vesuvius,Italy,Italy,40.821,14.426,1281,Complex volcano,"L,G",9.0,1.0,,True,False,True,Historical,D2,3.0,1.0,,,9.0,11.0,1.0,11.0,1.0,,,,,,,,,
30,1979,9.0,12.0,,,10106,211060,0101-06=,Etna,Italy,Italy,37.748,14.999,3357,Stratovolcano,T,9.0,1.0,,True,False,True,Historical,D1,3.0,1.0,,,9.0,23.0,1.0,23.0,1.0,,,,,,,,,
31,1987,4.0,17.0,,,10106,211060,0101-06=,Etna,Italy,Italy,37.748,14.999,3357,Stratovolcano,T,2.0,1.0,,True,False,True,Historical,D1,2.0,1.0,,,2.0,7.0,1.0,7.0,1.0,,,,,,,,,
32,1914,9.0,10.0,,,40104,241040,0401-04=,Whakaari/White Island,New Zealand,New Zealand,-37.52,177.18,294,Stratovolcano,A,11.0,1.0,,True,False,False,Historical,D1,,1.0,,,11.0,,,,,,,,,,,,,
33,1886,8.0,31.0,,,40311,243110,0403-11=,Niuafo'ou,Tonga-SW Pacific,Tonga,-15.6,-175.63,260,Shield volcano,,,1.0,,True,False,True,Historical,D1,4.0,1.0,,,,,,,,,,,1.0,1.0,,,,
34,1912,12.0,3.0,,,20302,223020,0203-02=,Nyamulagira,Africa-C,"Congo, DRC",-1.408,29.2,3058,Shield volcano,L,20.0,1.0,,True,False,True,Historical,D1,3.0,1.0,,,20.0,,,,,,,,,,,,,
35,1895,6.0,17.0,,,50103,251030,0501-03=,Karkar,New Guinea-NE of,Papua New Guinea,-4.647,145.976,1839,Stratovolcano,"I,M",21.0,1.0,,True,False,True,Historical,D1,2.0,1.0,,,1.0,,,,,,,,,,,,,
36,1538,9.0,29.0,,,10101,211010,0101-01=,Campi Flegrei,Italy,Italy,40.827,14.139,458,Caldera,T,24.0,1.0,,True,False,True,Historical,D5,3.0,1.0,,,24.0,,,,,,,,,,,,,
37,1853,6.0,24.0,,,40311,243110,0403-11=,Niuafo'ou,Tonga-SW Pacific,Tonga,-15.6,-175.63,260,Shield volcano,L,25.0,1.0,,True,False,True,Historical,D1,0.0,1.0,,,25.0,,,,,,,,,,,,,
38,1954,8.0,3.0,,,50101,251010,0501-01=,Bam,New Guinea-NE of,Papua New Guinea,-3.613,144.818,685,Stratovolcano,I,25.0,1.0,,True,False,True,Historical,D2,2.0,,,,,,2.0,,2.0,,,,,,,,,
39,1944,3.0,27.0,,,10102,211020,0101-02=,Vesuvius,Italy,Italy,40.821,14.426,1281,Complex volcano,"T,L,I",27.0,1.0,,True,False,True,Historical,D2,3.0,1.0,,,27.0,,,,,,,,,,,,,
40,1984,8.0,15.0,5807.0,,20403,224030,0204-03-,Oku Volcanic Field,Africa-W,Cameroon,6.25,10.5,3011,Maar,G,37.0,1.0,,True,False,False,Radiocarbon,D5,,1.0,,,37.0,,,,,,,,,,,,,
41,-141,,,,,10106,211060,0101-06=,Etna,Italy,Italy,37.748,14.999,3357,Stratovolcano,,40.0,1.0,,True,False,True,Historical,D1,,1.0,,,40.0,,,,,,,,,,,,,
42,1926,1.0,23.0,,,10204,212040,0102-04=,Santorini,Greece,Greece,36.404,25.396,367,Shield volcano,S,48.0,1.0,,True,False,True,Historical,D2,2.0,1.0,,,48.0,,,,,,,,,,,,,
43,1631,2.0,14.0,,920.0,201141,221141,0201-141,Dama Ali,Africa-NE,Ethiopia,11.28,41.63,1068,Shield volcano,S,50.0,1.0,2.0,True,False,True,Historical,D5,,1.0,2.0,,50.0,,,,,,,,,,,,,
44,1843,11.0,25.0,,,10106,211060,0101-06=,Etna,Italy,Italy,37.748,14.999,3357,Stratovolcano,L,59.0,2.0,,True,False,True,Historical,D1,2.0,2.0,,,59.0,,2.0,,2.0,,,,,,,,,
45,1944,12.0,4.0,,,60320,263200,0603-20=,Dieng Volcanic Complex,Java,Indonesia,-7.2,109.879,2565,Complex volcano,T,117.0,3.0,,True,False,True,Historical,D1,2.0,3.0,,,117.0,250.0,3.0,250.0,3.0,,,,,,,,,
49,1979,2.0,20.0,,,60320,263200,0603-20=,Dieng Volcanic Complex,Java,Indonesia,-7.2,109.879,2565,Complex volcano,G,149.0,3.0,,True,False,True,Historical,D1,1.0,3.0,,,149.0,,,,,,,,,,,,,
61,1587,,,,,60325,263250,0603-25=,Merapi,Java,Indonesia,-7.54,110.446,2910,Stratovolcano,,,1.0,,True,False,True,Historical,D1,4.0,1.0,,,,,,,,,,,,,,,,
64,1672,8.0,4.0,,,60325,263250,0603-25=,Merapi,Java,Indonesia,-7.54,110.446,2910,Stratovolcano,P,3000.0,4.0,,True,False,True,Historical,D1,3.0,4.0,,,3000.0,,,,,,,,,,,,,
69,1822,12.0,27.0,,,60325,263250,0603-25=,Merapi,Java,Indonesia,-7.54,110.446,2910,Stratovolcano,,100.0,2.0,3.0,True,False,True,Historical,D1,3.0,2.0,3.0,3.0,100.0,,2.0,,2.0,3.0,,,,,,,,
71,1832,12.0,25.0,,,60325,263250,0603-25=,Merapi,Java,Indonesia,-7.54,110.446,2910,Stratovolcano,,32.0,1.0,,True,False,True,Historical,D1,2.0,1.0,,2.0,32.0,,,,,2.0,,,,,,,,
81,1872,4.0,15.0,,,60325,263250,0603-25=,Merapi,Java,Indonesia,-7.54,110.446,2910,Stratovolcano,T,30.0,1.0,,True,False,True,Historical,D1,4.0,1.0,,1.0,30.0,,1.0,,1.0,1.0,50.0,50.0,,,,,,
82,1872,11.0,3.0,,,60325,263250,0603-25=,Merapi,Java,Indonesia,-7.54,110.446,2910,Stratovolcano,"P,T",200.0,3.0,3.0,True,False,True,Historical,D1,4.0,3.0,3.0,3.0,200.0,,,,,3.0,,,,,,,,
87,1902,12.0,,,,60325,263250,0603-25=,Merapi,Java,Indonesia,-7.54,110.446,2910,Stratovolcano,P,16.0,1.0,,True,False,True,Historical,D1,2.0,1.0,,2.0,16.0,45.0,1.0,45.0,1.0,2.0,,,,,,,,
92,1920,7.0,25.0,,,60325,263250,0603-25=,Merapi,Java,Indonesia,-7.54,110.446,2910,Stratovolcano,P,35.0,1.0,,True,False,True,Historical,D1,2.0,1.0,,,35.0,,,,,,,,,,,,,
94,1930,12.0,18.0,,,60325,263250,0603-25=,Merapi,Java,Indonesia,-7.54,110.446,2910,Stratovolcano,"P,M",1369.0,4.0,3.0,True,False,True,Historical,D1,3.0,4.0,3.0,4.0,1369.0,,,,,4.0,1109.0,1109.0,,,,,,
100,1954,1.0,18.0,,,60325,263250,0603-25=,Merapi,Java,Indonesia,-7.54,110.446,2910,Stratovolcano,P,64.0,2.0,2.0,True,False,True,Historical,D1,2.0,2.0,2.0,3.0,64.0,57.0,2.0,57.0,2.0,3.0,144.0,144.0,,,,,,
104,1961,5.0,8.0,,,60325,263250,0603-25=,Merapi,Java,Indonesia,-7.54,110.446,2910,Stratovolcano,P,6.0,1.0,2.0,True,False,True,Historical,D1,3.0,1.0,2.0,3.0,6.0,6.0,1.0,6.0,1.0,3.0,,,,,,,,
105,1969,1.0,7.0,,,60325,263250,0603-25=,Merapi,Java,Indonesia,-7.54,110.446,2910,Stratovolcano,P,3.0,1.0,,True,False,True,Historical,D1,2.0,1.0,,,3.0,,,,,,,,,,,,,
111,1986,12.0,31.0,,,60325,263250,0603-25=,Merapi,Java,Indonesia,-7.54,110.446,2910,Stratovolcano,M,1.0,1.0,,True,False,True,Historical,D1,2.0,1.0,,,1.0,,,,,,,,,,,,,
112,1994,11.0,22.0,,,60325,263250,0603-25=,Merapi,Java,Indonesia,-7.54,110.446,2910,Stratovolcano,P,66.0,2.0,,True,False,True,Historical,D1,3.0,2.0,,,66.0,100.0,2.0,100.0,2.0,,,,,,,,,
116,1311,,,,,60328,263280,0603-28=,Kelud,Java,Indonesia,-7.935,112.314,1730,Stratovolcano,,,1.0,,True,False,True,Historical,D1,3.0,1.0,,,,,,,,,,,,,,,,
117,1334,,,,,60328,263280,0603-28=,Kelud,Java,Indonesia,-7.935,112.314,1730,Stratovolcano,M,,1.0,,True,False,True,Historical,D1,3.0,1.0,,,,,,,,,,,,,,,,
118,1376,,,,,60328,263280,0603-28=,Kelud,Java,Indonesia,-7.935,112.314,1730,Stratovolcano,,,1.0,,True,False,True,Historical,D1,3.0,1.0,,,,,,,,,,,,,,,,
119,1385,,,,,60328,263280,0603-28=,Kelud,Java,Indonesia,-7.935,112.314,1730,Stratovolcano,,,1.0,,True,False,True,Historical,D1,3.0,1.0,,,,,,,,,,,,,,,,
126,1586,,,,,60328,263280,0603-28=,Kelud,Java,Indonesia,-7.935,112.314,1730,Stratovolcano,,10000.0,4.0,,True,False,True,Historical,D1,5.0,4.0,,,10000.0,,,,,,,,,,,,,
128,1716,7.0,20.0,,,60328,263280,0603-28=,Kelud,Java,Indonesia,-7.935,112.314,1730,Stratovolcano,M,,1.0,,True,False,True,Historical,D1,2.0,1.0,,,,,,,,,,,,,,,,
132,1826,10.0,13.0,,,60328,263280,0603-28=,Kelud,Java,Indonesia,-7.935,112.314,1730,Stratovolcano,M,,1.0,3.0,True,False,True,Historical,D1,4.0,1.0,3.0,3.0,,65.0,2.0,65.0,2.0,3.0,,,,,,,,
133,1848,5.0,16.0,,,60328,263280,0603-28=,Kelud,Java,Indonesia,-7.935,112.314,1730,Stratovolcano,M,22.0,1.0,,True,False,True,Historical,D1,3.0,1.0,,3.0,22.0,,,,,3.0,800.0,800.0,,,,,,
135,1864,1.0,4.0,,,60328,263280,0603-28=,Kelud,Java,Indonesia,-7.935,112.314,1730,Stratovolcano,M,54.0,2.0,,True,False,True,Historical,D1,2.0,2.0,,3.0,54.0,,,,,3.0,,,,,,,,
136,1875,1.0,29.0,,,60328,263280,0603-28=,Kelud,Java,Indonesia,-7.935,112.314,1730,Stratovolcano,m,,1.0,2.0,True,False,False,Historical,D1,,1.0,2.0,2.0,,30.0,1.0,30.0,,2.0,,,,,,,,
137,1901,5.0,22.0,,,60328,263280,0603-28=,Kelud,Java,Indonesia,-7.935,112.314,1730,Stratovolcano,,,2.0,,True,False,True,Historical,D1,3.0,2.0,,,,,,,,,,,,,,,,
138,1919,5.0,19.0,,,60328,263280,0603-28=,Kelud,Java,Indonesia,-7.935,112.314,1730,Stratovolcano,M,5110.0,4.0,,True,False,True,Historical,D1,4.0,4.0,,4.0,5110.0,,,,,4.0,9000.0,9000.0,,,,,,
140,1951,8.0,31.0,,,60328,263280,0603-28=,Kelud,Java,Indonesia,-7.935,112.314,1730,Stratovolcano,,7.0,1.0,,True,False,True,Historical,D1,4.0,1.0,,,7.0,,,,,,,,,,,,,
141,1966,4.0,26.0,,,60328,263280,0603-28=,Kelud,Java,Indonesia,-7.935,112.314,1730,Stratovolcano,"M,m,P",215.0,3.0,,True,False,True,Historical,D1,4.0,3.0,,,215.0,86.0,2.0,86.0,2.0,,,,2.0,2.0,78.0,78.0,,
144,1990,2.0,10.0,,,60328,263280,0603-28=,Kelud,Java,Indonesia,-7.935,112.314,1730,Stratovolcano,"T,P",35.0,1.0,,True,False,True,Historical,D1,4.0,1.0,,,35.0,,,,,,,,,,,,,
159,1860,4.0,,,,60330,263300,0603-30=,Semeru,Java,Indonesia,-8.108,112.922,3657,Stratovolcano,,,,,True,False,True,Historical,D1,2.0,,1.0,1.0,,,,,,,,,,,,,,
167,1885,4.0,18.0,,,60330,263300,0603-30=,Semeru,Java,Indonesia,-8.108,112.922,3657,Stratovolcano,A,74.0,2.0,,True,False,True,Historical,D1,2.0,2.0,,,74.0,,,,,,,,,,,,,
176,1895,5.0,22.0,,,60330,263300,0603-30=,Semeru,Java,Indonesia,-8.108,112.922,3657,Stratovolcano,M,80.0,2.0,1.0,True,False,True,Historical,D1,2.0,2.0,1.0,,80.0,,,,,,,,,,,,,
191,1909,8.0,29.0,,,60330,263300,0603-30=,Semeru,Java,Indonesia,-8.108,112.922,3657,Stratovolcano,m,221.0,3.0,1.0,True,False,True,Historical,D1,2.0,3.0,1.0,,221.0,,,,,,,,,,,,,
193,1911,11.0,8.0,,,60330,263300,0603-30=,Semeru,Java,Indonesia,-8.108,112.922,3657,Stratovolcano,,,,1.0,True,False,True,Historical,D1,3.0,,1.0,,,,,,,,,,,,,,,
195,1913,6.0,23.0,,,60330,263300,0603-30=,Semeru,Java,Indonesia,-8.108,112.922,3657,Stratovolcano,,,,1.0,True,False,True,Historical,D1,2.0,,1.0,,,,,,,,,,,,,,,
196,1941,9.0,21.0,,,60330,263300,0603-30=,Semeru,Java,Indonesia,-8.108,112.922,3657,Stratovolcano,,,,1.0,True,False,True,Historical,D1,2.0,,1.0,,,,,,,,,,,,,,,
198,1946,2.0,,,,60330,263300,0603-30=,Semeru,Java,Indonesia,-8.108,112.922,3657,Stratovolcano,F,6.0,1.0,2.0,True,False,True,Historical,D1,2.0,1.0,2.0,2.0,6.0,,,,,2.0,81.0,81.0,,,,,,
199,1946,10.0,29.0,,,60330,263300,0603-30=,Semeru,Java,Indonesia,-8.108,112.922,3657,Stratovolcano,,,,1.0,True,False,True,Historical,D1,2.0,,1.0,,,,,,,,,,,,,,,
200,1950,8.0,28.0,,,60330,263300,0603-30=,Semeru,Java,Indonesia,-8.108,112.922,3657,Stratovolcano,P,6.0,1.0,,True,False,True,Historical,D1,1.0,1.0,,,6.0,,,,,,,,,,,,,
201,1963,5.0,5.0,,,60330,263300,0603-30=,Semeru,Java,Indonesia,-8.108,112.922,3657,Stratovolcano,T,1.0,1.0,,True,False,True,Historical,D1,2.0,1.0,,,1.0,,,,,,,,,,,,,
202,1967,8.0,31.0,,,60330,263300,0603-30=,Semeru,Java,Indonesia,-8.108,112.922,3657,Stratovolcano,M,3.0,1.0,1.0,True,False,True,Historical,D1,3.0,1.0,1.0,,3.0,,,,,,,,,,,,,
203,1985,5.0,10.0,,,60330,263300,0603-30=,Semeru,Java,Indonesia,-8.108,112.922,3657,Stratovolcano,A,70.0,2.0,,True,False,True,Historical,D1,3.0,2.0,,,70.0,,,,,,,,,,,,,
204,1978,9.0,19.0,,,60330,263300,0603-30=,Semeru,Java,Indonesia,-8.108,112.922,3657,Stratovolcano,M,12.0,1.0,,True,False,True,Historical,D1,3.0,1.0,,,12.0,,,,,,,,,,,,,
205,1976,8.0,31.0,,,60330,263300,0603-30=,Semeru,Java,Indonesia,-8.108,112.922,3657,Stratovolcano,M,119.0,3.0,,True,False,True,Historical,D1,2.0,3.0,,,119.0,,,,,,,,,,,,,
206,1981,3.0,29.0,,,60330,263300,0603-30=,Semeru,Java,Indonesia,-8.108,112.922,3657,Stratovolcano,P,1.0,1.0,,True,False,True,Historical,D1,3.0,1.0,,,1.0,,,,,,,,,,,,,
261,1843,8.0,,,,60332,263320,0603-32=,Lamongan,Java,Indonesia,-7.981,113.341,1641,Stratovolcano,,4.0,1.0,,True,False,True,Historical,D3,2.0,1.0,,,4.0,,,,,,,,,,,,,
269,1869,8.0,,,,60332,263320,0603-32=,Lamongan,Java,Indonesia,-7.981,113.341,1641,Stratovolcano,"T,A",8.0,1.0,,True,False,True,Historical,D3,2.0,1.0,,,8.0,,,,,,,,,,,,,
294,1593,,,,,60334,263340,0603-34=,Raung,Java,Indonesia,-8.119,114.056,3260,Stratovolcano,,,3.0,,True,False,True,Historical,D1,5.0,3.0,,,,,,,,,,,,,,,,
295,1597,,,,,60334,263340,0603-34=,Raung,Java,Indonesia,-8.119,114.056,3260,Stratovolcano,T,,1.0,,True,False,True,Historical,D1,3.0,1.0,,,,,,,,,,,,,,,,
296,1638,,,,,60334,263340,0603-34=,Raung,Java,Indonesia,-8.119,114.056,3260,Stratovolcano,M,1001.0,4.0,,True,False,True,Historical,D1,4.0,4.0,,,1001.0,,,,,,,,,,,,,
297,1730,,,,,60334,263340,0603-34=,Raung,Java,Indonesia,-8.119,114.056,3260,Stratovolcano,"M,T",,3.0,,True,False,True,Historical,D1,3.0,3.0,,,,,,,,,,,,,,,,
298,1817,,,,,60334,263340,0603-34=,Raung,Java,Indonesia,-8.119,114.056,3260,Stratovolcano,,,1.0,,True,False,True,Historical,D1,4.0,1.0,,,,,,,,,,,,,,,,
333,1817,1.0,24.0,,,60335,263350,0603-35=,Ijen,Java,Indonesia,-8.058,114.242,2769,Stratovolcano,M,,2.0,,True,False,True,Historical,D1,2.0,2.0,,2.0,,,,,,2.0,90.0,90.0,,,,,,
345,1963,9.0,5.0,,,60401,264010,0604-01=,Batur,Lesser Sunda Is,Indonesia,-8.24,115.378,1711,Caldera,,2.0,1.0,,True,False,True,Historical,D1,2.0,1.0,,1.0,2.0,,,,,1.0,,,,,,,,
351,1963,3.0,18.0,1942.0,,60402,264020,0604-02=,Agung,Lesser Sunda Is,Indonesia,-8.343,115.508,2997,Stratovolcano,"P,T,M,A",1028.0,4.0,,True,False,True,Historical,D1,5.0,4.0,,,1028.0,624.0,3.0,624.0,3.0,,,,3.0,3.0,,,,
353,1963,5.0,16.0,,4292.0,60402,264020,0604-02=,Agung,Lesser Sunda Is,Indonesia,-8.343,115.508,2997,Stratovolcano,,120.0,2.0,,True,False,True,Historical,D1,3.0,2.0,,,120.0,,,,,,,,,,,,,
367,1815,4.0,10.0,613.0,,60404,264040,0604-04=,Tambora,Lesser Sunda Is,Indonesia,-8.25,118.0,2850,Stratovolcano,"P,W,A,I",60000.0,4.0,4.0,True,False,True,Historical,D1,7.0,4.0,4.0,4.0,11000.0,,4.0,,4.0,4.0,,,,,,,,
389,1969,1.0,28.0,,,60411,264110,0604-11=,Iya,Lesser Sunda Is,Indonesia,-8.891,121.641,618,Stratovolcano,"T,m",2.0,1.0,,True,False,True,Historical,D1,3.0,1.0,,3.0,2.0,10.0,1.0,10.0,1.0,3.0,287.0,287.0,,,,,,
394,1928,8.0,4.0,1607.0,,60415,264150,0604-15=,Paluweh,Lesser Sunda Is,Indonesia,-8.32,121.708,875,Stratovolcano,"W,T",226.0,3.0,2.0,True,False,True,Historical,D1,3.0,2.0,1.0,2.0,98.0,,,200.0,3.0,,,,,,,,,
395,1964,1.0,1.0,,,60415,264150,0604-15=,Paluweh,Lesser Sunda Is,Indonesia,-8.32,121.708,875,Stratovolcano,,1.0,1.0,,True,False,True,Historical,D1,2.0,1.0,,,1.0,3.0,1.0,3.0,1.0,,,,,,,,,
397,1973,1.0,,,,60415,264150,0604-15=,Paluweh,Lesser Sunda Is,Indonesia,-8.32,121.708,875,Stratovolcano,,,,1.0,True,False,True,Historical,D1,3.0,,1.0,1.0,,,,,,1.0,,,,,,,,
398,1981,9.0,5.0,,,60415,264150,0604-15=,Paluweh,Lesser Sunda Is,Indonesia,-8.32,121.708,875,Stratovolcano,P,,,1.0,True,False,True,Historical,D1,2.0,,1.0,1.0,,,,,,1.0,,,,,,,,
410,1869,7.0,7.0,,,60418,264180,0604-18=,Lewotobi,Lesser Sunda Is,Indonesia,-8.542,122.775,1703,Stratovolcano,,2.0,1.0,,True,False,True,Historical,D1,2.0,1.0,,,2.0,,,,,,,,,,,,,
411,1907,9.0,28.0,,,60418,264180,0604-18=,Lewotobi,Lesser Sunda Is,Indonesia,-8.542,122.775,1703,Stratovolcano,,1.0,1.0,,True,False,True,Historical,D1,2.0,1.0,,,1.0,,1.0,,1.0,,,,,,,,,
439,1870,,,,,60425,264250,0604-25=,Iliwerung,Lesser Sunda Is,Indonesia,-8.532,123.573,583,Complex volcano,,,1.0,,True,False,True,Historical,D1,3.0,1.0,,,,,,,,,,,,,,,,
441,1948,4.0,7.0,,,60425,264250,0604-25=,Iliwerung,Lesser Sunda Is,Indonesia,-8.532,123.573,583,Complex volcano,,,,2.0,True,False,True,Historical,D1,2.0,,2.0,,,,,,,,,,,,,,,
445,1973,12.0,,5761.0,,60425,264250,0604-25=,Iliwerung,Lesser Sunda Is,Indonesia,-8.532,123.573,583,Complex volcano,W,2.0,1.0,,True,False,True,Historical,D1,2.0,,,,,,,,,,,,,,,,,
447,1983,8.0,17.0,4702.0,,60425,264250,0604-25=,Iliwerung,Lesser Sunda Is,Indonesia,-8.532,123.573,583,Complex volcano,W,,,,True,False,True,Historical,D1,1.0,,,,,,,,,,,,,,,,,
450,1953,6.0,,,,60427,264270,0604-27=,Sirung,Lesser Sunda Is,Indonesia,-8.497,124.131,1347,Complex volcano,,5.0,1.0,,True,False,True,Historical,D1,0.0,1.0,,,5.0,1.0,1.0,1.0,1.0,,,,,,,,,
457,1659,11.0,11.0,285.0,,60505,265050,0605-05=,Teon,Banda Sea,Pacific Ocean,-6.976,129.144,728,Stratovolcano,,,,,True,False,True,Historical,D2,4.0,,,,,,,,,,,,,,,,,
458,1660,2.0,,,,60505,265050,0605-05=,Teon,Banda Sea,Pacific Ocean,-6.976,129.144,728,Stratovolcano,"G,T",3.0,1.0,,True,False,True,Historical,D2,4.0,1.0,,,3.0,,,,,,,,,,,,,
466,1692,6.0,4.0,,,60507,265070,0605-07=,Serua,Banda Sea,Pacific Ocean,-6.312,130.017,608,Stratovolcano,L,,2.0,,True,False,True,Historical,D2,4.0,2.0,,,,,,,,,,,,,,,,
472,1598,,,,,60509,265090,0605-09=,Banda Api,Banda Sea,Pacific Ocean,-4.523,129.881,596,Caldera,,,1.0,,True,False,True,Historical,D1,3.0,1.0,,,,,,,,,,,,,,,,
474,1615,3.0,,,,60509,265090,0605-09=,Banda Api,Banda Sea,Pacific Ocean,-4.523,129.881,596,Caldera,,,,2.0,True,False,True,Historical,D1,3.0,,2.0,2.0,,,,,,2.0,,,,,,,,
477,1694,11.0,20.0,,,60509,265090,0605-09=,Banda Api,Banda Sea,Pacific Ocean,-4.523,129.881,596,Caldera,,,2.0,,True,False,True,Historical,D1,3.0,2.0,,,,,,,,,,,,,,,,
482,1820,6.0,11.0,,,60509,265090,0605-09=,Banda Api,Banda Sea,Pacific Ocean,-4.523,129.881,596,Caldera,,,1.0,,True,False,True,Historical,D1,2.0,1.0,,,,,,,,,,,,,,,,
486,1988,5.0,9.0,,,60509,265090,0605-09=,Banda Api,Banda Sea,Pacific Ocean,-4.523,129.881,596,Caldera,"T,L",4.0,1.0,,True,False,True,Historical,D1,3.0,1.0,,,4.0,,,,,,,,,,,,,
488,1983,7.0,23.0,,,60601,266010,0606-01=,Colo,Sulawesi-Indonesia,Indonesia,-0.162,121.601,404,Stratovolcano,,,,2.0,True,False,True,Historical,D1,4.0,,2.0,3.0,,,,,,3.0,,,,,,,,
489,1845,2.0,8.0,741.0,1865.0,60603,266030,0606-03=,Soputan,Sulawesi-Indonesia,Indonesia,1.112,124.737,1785,Stratovolcano,,118.0,3.0,2.0,True,False,True,Historical,D1,2.0,,,3.0,,,,,,,,,,,,,,
525,1958,7.0,12.0,,,60611,266110,0606-11=,Mahawu,Sulawesi-Indonesia,Indonesia,1.352,124.865,1299,Stratovolcano,M,1.0,1.0,,True,False,True,Historical,D1,2.0,1.0,,,1.0,10.0,1.0,10.0,1.0,,,,,,,,,
530,1870,8.0,,,,60701,267010,0607-01=,Ruang,Sangihe Is-Indonesia,Indonesia,2.3,125.37,725,Stratovolcano,,,1.0,,True,False,True,Historical,D2,2.0,1.0,,1.0,,,,,,1.0,40.0,40.0,,,,,,
533,1871,3.0,3.0,1022.0,,60701,267010,0607-01=,Ruang,Sangihe Is-Indonesia,Indonesia,2.3,125.37,725,Stratovolcano,W,400.0,3.0,2.0,True,False,True,Historical,D2,2.0,,1.0,2.0,,,,,,1.0,,75.0,,,,,,
552,1940,6.0,20.0,,,60702,267020,0607-02=,Karangetang,Sangihe Is-Indonesia,Indonesia,2.781,125.407,1797,Stratovolcano,,1.0,1.0,,True,False,True,Historical,D1,2.0,1.0,,,1.0,2.0,1.0,2.0,1.0,,,,,,,,,
561,1974,2.0,11.0,,,60702,267020,0607-02=,Karangetang,Sangihe Is-Indonesia,Indonesia,2.781,125.407,1797,Stratovolcano,A,4.0,1.0,,True,False,True,Historical,D1,3.0,1.0,,,4.0,,,,,,,,,,,,,
562,1976,9.0,15.0,,,60702,267020,0607-02=,Karangetang,Sangihe Is-Indonesia,Indonesia,2.781,125.407,1797,Stratovolcano,"P,L",1.0,1.0,,True,False,True,Historical,D1,2.0,1.0,,1.0,1.0,1.0,1.0,1.0,1.0,1.0,24.0,24.0,,,,,,
569,1889,9.0,6.0,1181.0,6309.0,60703,267030,0607-03=,Banua Wuhu,Sangihe Is-Indonesia,Indonesia,3.138,125.491,-5,Submarine volcano,,,,2.0,True,False,True,Historical,D2,2.0,,,2.0,,,,,,,,,,,,,,
578,1711,12.0,11.0,,,60704,267040,0607-04=,Awu,Sangihe Is-Indonesia,Indonesia,3.689,125.447,1318,Stratovolcano,P,3000.0,4.0,,True,False,True,Historical,D1,3.0,4.0,,,3000.0,,,,,,,,,,,,,
580,1812,8.0,6.0,,,60704,267040,0607-04=,Awu,Sangihe Is-Indonesia,Indonesia,3.689,125.447,1318,Stratovolcano,"P,M",953.0,3.0,,True,False,True,Historical,D1,3.0,3.0,,,953.0,,,,,,,,,,,,,
581,1856,3.0,2.0,859.0,1995.0,60704,267040,0607-04=,Awu,Sangihe Is-Indonesia,Indonesia,3.689,125.447,1318,Stratovolcano,P,2806.0,4.0,3.0,True,False,True,Historical,D1,3.0,4.0,3.0,3.0,2806.0,,2.0,,2.0,3.0,,,,,,,,
584,1892,6.0,7.0,1197.0,,60704,267040,0607-04=,Awu,Sangihe Is-Indonesia,Indonesia,3.689,125.447,1318,Stratovolcano,"P,M",1532.0,4.0,3.0,True,False,True,Historical,D1,3.0,4.0,3.0,3.0,1532.0,,,,,3.0,,,,,,,,
585,1913,3.0,14.0,1407.0,2973.0,60704,267040,0607-04=,Awu,Sangihe Is-Indonesia,Indonesia,3.689,125.447,1318,Stratovolcano,,138.0,3.0,2.0,True,False,True,Historical,D1,2.0,,,3.0,,,,,2.0,,,,,,,,,
589,1966,8.0,12.0,,,60704,267040,0607-04=,Awu,Sangihe Is-Indonesia,Indonesia,3.689,125.447,1318,Stratovolcano,"P,M,I",39.0,1.0,,True,False,True,Historical,D1,4.0,1.0,,2.0,39.0,1000.0,3.0,1000.0,3.0,2.0,,,,,,,,
594,1550,11.0,,,,60801,268010,0608-01=,Dukono,Halmahera-Indonesia,Indonesia,1.699,127.878,1273,Complex volcano,,,1.0,,True,False,True,Historical,D1,3.0,1.0,,,,,,,,,,,,,,,,
599,1673,5.0,20.0,312.0,,60804,268040,0608-04=,Gamkonora,Halmahera-Indonesia,Indonesia,1.38,127.53,1635,Stratovolcano,W,,3.0,1.0,True,False,True,Historical,D1,5.0,,1.0,1.0,,,,,,1.0,,,,,,,,
607,1608,7.0,18.0,222.0,,60806,268060,0608-06=,Gamalama,Halmahera-Indonesia,Indonesia,0.81,127.332,1714,Stratovolcano,,,1.0,1.0,True,False,True,Historical,D1,3.0,,1.0,,,,,,,,,,,,,,,
617,1772,5.0,9.0,504.0,,60806,268060,0608-06=,Gamalama,Halmahera-Indonesia,Indonesia,0.81,127.332,1714,Stratovolcano,T,35.0,1.0,,True,False,True,Historical,D1,3.0,1.0,,,35.0,,,,,,,,,,,,,
618,1773,2.0,2.0,,,60806,268060,0608-06=,Gamalama,Halmahera-Indonesia,Indonesia,0.81,127.332,1714,Stratovolcano,I,,2.0,,True,False,True,Historical,D1,2.0,2.0,,,,,,,,,,,,,,,,
619,1775,,,,,60806,268060,0608-06=,Gamalama,Halmahera-Indonesia,Indonesia,0.81,127.332,1714,Stratovolcano,"P,I",1300.0,4.0,,True,False,True,Historical,D1,3.0,4.0,,,1300.0,,,,,,,,,,,,,
627,1838,2.0,26.0,,,60806,268060,0608-06=,Gamalama,Halmahera-Indonesia,Indonesia,0.81,127.332,1714,Stratovolcano,T,4.0,1.0,,True,False,True,Historical,D1,2.0,1.0,,,4.0,,,,,,,,,,,,,
629,1840,2.0,2.0,718.0,,60806,268060,0608-06=,Gamalama,Halmahera-Indonesia,Indonesia,0.81,127.332,1714,Stratovolcano,,,,2.0,True,False,True,Historical,D1,3.0,,1.0,3.0,,,,,,,,500.0,,,,,,
643,1871,8.0,7.0,,,60806,268060,0608-06=,Gamalama,Halmahera-Indonesia,Indonesia,0.81,127.332,1714,Stratovolcano,T,1.0,1.0,,True,False,True,Historical,D1,2.0,1.0,,,1.0,1.0,1.0,1.0,1.0,,,,,,,,,
657,1962,12.0,31.0,,,60806,268060,0608-06=,Gamalama,Halmahera-Indonesia,Indonesia,0.81,127.332,1714,Stratovolcano,,5.0,1.0,,True,False,True,Historical,D1,2.0,1.0,,,5.0,5.0,1.0,5.0,1.0,,,,,,,,,
663,1550,,,5863.0,,60807,268070,0608-07=,Kie Besi,Halmahera-Indonesia,Indonesia,0.32,127.4,1357,Stratovolcano,,,,1.0,True,False,True,Historical,D1,3.0,,1.0,,,,,,,,,,,,,,,
664,1646,7.0,19.0,5754.0,10519.0,60807,268070,0608-07=,Kie Besi,Halmahera-Indonesia,Indonesia,0.32,127.4,1357,Stratovolcano,P,,3.0,,True,False,True,Historical,D1,4.0,3.0,,,,,,,,,,,,,,,,
665,1760,,,,,60807,268070,0608-07=,Kie Besi,Halmahera-Indonesia,Indonesia,0.32,127.4,1357,Stratovolcano,M,2000.0,4.0,,True,False,True,Historical,D1,4.0,4.0,,,2000.0,,,,,,,,,,,,,
666,1861,12.0,29.0,,,60807,268070,0608-07=,Kie Besi,Halmahera-Indonesia,Indonesia,0.32,127.4,1357,Stratovolcano,"P,I",326.0,3.0,,True,False,True,Historical,D1,4.0,3.0,,3.0,326.0,47.0,1.0,47.0,1.0,3.0,,,,,,,,
669,1890,6.0,29.0,,,60807,268070,0608-07=,Kie Besi,Halmahera-Indonesia,Indonesia,0.32,127.4,1357,Stratovolcano,,,,3.0,True,False,True,Historical,D1,2.0,,3.0,3.0,,,,,,3.0,,,,,,,,
677,1873,1.0,16.0,,,70106,271060,0701-06=,Ragang,Mindanao-Philippines,Philippines,7.691,124.507,2790,Stratovolcano,,,1.0,,True,False,True,Historical,D2,2.0,1.0,,,,,,,,,,,,,,,,
679,1871,4.0,30.0,1020.0,2179.0,70108,271080,0701-08=,Camiguin,Mindanao-Philippines,Philippines,9.203,124.673,1552,Stratovolcano,,,1.0,3.0,True,False,True,Historical,D2,2.0,1.0,3.0,3.0,,,,,,3.0,,,,,,,,
680,1950,9.0,15.0,,,70108,271080,0701-08=,Camiguin,Mindanao-Philippines,Philippines,9.203,124.673,1552,Stratovolcano,P,68.0,2.0,,True,False,True,Historical,D2,3.0,2.0,,,68.0,,,,,,,,,,,,,
693,1996,8.0,10.0,,,70202,272020,0702-02=,Kanlaon,Philippines-C,Philippines,10.41,123.13,2422,Stratovolcano,T,3.0,1.0,,True,False,True,Historical,D1,2.0,1.0,,,3.0,18.0,1.0,18.0,1.0,,,,,,,,,
697,1933,12.0,25.0,1666.0,,70301,273010,0703-01=,Bulusan,Luzon-Philippines,Philippines,12.769,124.056,1535,Stratovolcano,,9.0,1.0,3.0,True,False,True,Historical,D1,2.0,,,,,,,,,,,,,,,,,
698,1978,7.0,29.0,,,70301,273010,0703-01=,Bulusan,Luzon-Philippines,Philippines,12.769,124.056,1535,Stratovolcano,,,,1.0,True,False,True,Historical,D1,2.0,,1.0,,,,,,,,,,,,,,,
704,1766,7.0,20.0,,,70303,273030,0703-03=,Mayon,Luzon-Philippines,Philippines,13.257,123.685,2462,Stratovolcano,m,49.0,1.0,,True,False,True,Historical,D1,3.0,1.0,,,49.0,,,,,,,,,,,,,
706,1800,10.0,30.0,,,70303,273030,0703-03=,Mayon,Luzon-Philippines,Philippines,13.257,123.685,2462,Stratovolcano,,,1.0,,True,False,True,Historical,D1,2.0,1.0,,,,,,,,,,,,,,,,
707,1814,2.0,1.0,,,70303,273030,0703-03=,Mayon,Luzon-Philippines,Philippines,13.257,123.685,2462,Stratovolcano,"P,M,E",1200.0,4.0,3.0,True,False,True,Historical,D1,4.0,4.0,3.0,3.0,1200.0,,,,,3.0,,,,,,,,
712,1853,7.0,13.0,,,70303,273030,0703-03=,Mayon,Luzon-Philippines,Philippines,13.257,123.685,2462,Stratovolcano,P,34.0,1.0,,True,False,True,Historical,D1,3.0,1.0,,1.0,34.0,,,,,1.0,,,,,,,,
714,1858,1.0,,,,70303,273030,0703-03=,Mayon,Luzon-Philippines,Philippines,13.257,123.685,2462,Stratovolcano,P,,1.0,,True,False,True,Historical,D1,2.0,1.0,,,,,,,,,,,,,,,,
716,1871,12.0,8.0,,,70303,273030,0703-03=,Mayon,Luzon-Philippines,Philippines,13.257,123.685,2462,Stratovolcano,P,3.0,1.0,,True,False,True,Historical,D1,3.0,1.0,,,3.0,,,,,,,,,,,,,
724,1887,3.0,9.0,,,70303,273030,0703-03=,Mayon,Luzon-Philippines,Philippines,13.257,123.685,2462,Stratovolcano,T,15.0,1.0,1.0,True,False,True,Historical,D1,3.0,1.0,1.0,1.0,15.0,,,,,1.0,,,,,,,,
730,1897,5.0,23.0,,,70303,273030,0703-03=,Mayon,Luzon-Philippines,Philippines,13.257,123.685,2462,Stratovolcano,"P,T,M",350.0,3.0,,True,False,True,Historical,D1,3.0,3.0,,,350.0,,,,,,,,,,,,,
732,1928,1.0,,,,70303,273030,0703-03=,Mayon,Luzon-Philippines,Philippines,13.257,123.685,2462,Stratovolcano,P,,1.0,,True,False,True,Historical,D1,3.0,1.0,,,,,,,,,,,,,,,,
733,1938,6.0,5.0,,,70303,273030,0703-03=,Mayon,Luzon-Philippines,Philippines,13.257,123.685,2462,Stratovolcano,,,1.0,,True,False,True,Historical,D1,2.0,1.0,,,,,,,,,,,,,,,,
735,1947,1.0,7.0,,,70303,273030,0703-03=,Mayon,Luzon-Philippines,Philippines,13.257,123.685,2462,Stratovolcano,,,1.0,,True,False,True,Historical,D1,2.0,1.0,,,,,,,,,,,,,,,,
736,1968,4.0,21.0,,,70303,273030,0703-03=,Mayon,Luzon-Philippines,Philippines,13.257,123.685,2462,Stratovolcano,"M,P",6.0,1.0,,True,False,True,Historical,D1,3.0,1.0,,,6.0,,,,,,,,,,,,,
739,1984,9.0,9.0,,,70303,273030,0703-03=,Mayon,Luzon-Philippines,Philippines,13.257,123.685,2462,Stratovolcano,M,1.0,1.0,,True,False,True,Historical,D1,3.0,1.0,,,1.0,,,,,,,,,,,,,
745,1572,,,,,70307,273070,0703-07=,Taal,Luzon-Philippines,Philippines,14.011,120.998,311,Stratovolcano,L,,,2.0,True,False,True,Historical,D1,3.0,,2.0,,,,,,,,,,,,,,,
752,1716,9.0,24.0,387.0,1205.0,70307,273070,0703-07=,Taal,Luzon-Philippines,Philippines,14.011,120.998,311,Stratovolcano,,,1.0,3.0,True,False,True,Historical,D1,4.0,1.0,,3.0,,,,,,,,,,,,,,
753,1749,8.0,11.0,431.0,1304.0,70307,273070,0703-07=,Taal,Luzon-Philippines,Philippines,14.011,120.998,311,Stratovolcano,,,1.0,3.0,True,False,True,Historical,D1,3.0,1.0,1.0,3.0,,,,,,,,,,,,,,
754,1754,11.0,28.0,2853.0,1328.0,70307,273070,0703-07=,Taal,Luzon-Philippines,Philippines,14.011,120.998,311,Stratovolcano,"W,T",12.0,1.0,4.0,True,False,True,Historical,D1,4.0,1.0,4.0,4.0,,,,,,4.0,,,,,,,,
756,1874,7.0,19.0,,,70307,273070,0703-07=,Taal,Luzon-Philippines,Philippines,14.011,120.998,311,Stratovolcano,,,1.0,,True,False,True,Historical,D1,2.0,1.0,,,,,,,,,,,,,,,,
761,1911,1.0,30.0,1392.0,8391.0,70307,273070,0703-07=,Taal,Luzon-Philippines,Philippines,14.011,120.998,311,Stratovolcano,"P,W",1335.0,4.0,3.0,True,False,True,Historical,D1,3.0,4.0,3.0,3.0,1335.0,199.0,3.0,199.0,3.0,3.0,543.0,543.0,,,,,,
762,1965,9.0,28.0,1977.0,,70307,273070,0703-07=,Taal,Luzon-Philippines,Philippines,14.011,120.998,311,Stratovolcano,"P,W",355.0,3.0,1.0,True,False,True,Historical,D1,4.0,3.0,1.0,1.0,355.0,,,,,1.0,,,,,,,,
777,1969,3.0,21.0,2872.0,,70402,274020,0704-02=,Didicas,Luzon-N of,Philippines,19.077,122.202,228,Compound volcano,W,3.0,1.0,,True,False,True,Historical,D1,2.0,,,,,,,,,,,,,,,,,
787,1853,10.0,29.0,809.0,,80103,281030,0801-03=,Unnamed,Taiwan-E of,Taiwan,24.0,121.83,0,Submarine volcano,,,,,True,False,True,Historical,D3,2.0,,,,,,,,,,,,,,,,,
821,1841,4.0,,,,80205,282050,0802-05=,Kuchinoerabujima,Ryukyu Is,Japan,30.443,130.217,657,Stratovolcano,T,,,2.0,True,False,True,Historical,D1,2.0,,2.0,2.0,,,,,,2.0,,,,,,,,
823,1933,12.0,24.0,,,80205,282050,0802-05=,Kuchinoerabujima,Ryukyu Is,Japan,30.443,130.217,657,Stratovolcano,T,8.0,1.0,,True,False,True,Historical,D1,4.0,1.0,,,8.0,26.0,1.0,26.0,1.0,,,,,,,,,
843,764,,,,,80208,282080,0802-08=,Aira,Kyushu-Japan,Japan,31.577,130.659,1117,Stratovolcano,"T,L",80.0,2.0,,True,False,True,Historical,D1,4.0,2.0,,,80.0,,,,,,,,,,,,,
844,766,7.0,20.0,61.0,7341.0,80208,282080,0802-08=,Aira,Kyushu-Japan,Japan,31.577,130.659,1117,Stratovolcano,,,3.0,,True,False,True,Historical,D1,3.0,3.0,,,,,,,,,,,,,,,,
846,1471,11.0,3.0,,,80208,282080,0802-08=,Aira,Kyushu-Japan,Japan,31.577,130.659,1117,Stratovolcano,P,,3.0,,True,False,True,Historical,D1,5.0,3.0,,,,,,,,,,,,,,,,
858,1779,11.0,8.0,,,80208,282080,0802-08=,Aira,Kyushu-Japan,Japan,31.577,130.659,1117,Stratovolcano,"T,W,I",153.0,3.0,,True,False,True,Historical,D1,4.0,3.0,,,153.0,,,,,,,,,,,,,
859,1781,4.0,11.0,529.0,,80208,282080,0802-08=,Aira,Kyushu-Japan,Japan,31.577,130.659,1117,Stratovolcano,W,38.0,1.0,1.0,True,False,True,Historical,D1,4.0,1.0,,,23.0,,,,,,,,,,,,,
867,1914,1.0,12.0,1412.0,2994.0,80208,282080,0802-08=,Aira,Kyushu-Japan,Japan,31.577,130.659,1117,Stratovolcano,"I,S,A,T",63.0,2.0,3.0,True,False,True,Historical,D1,4.0,1.0,1.0,4.0,28.0,,3.0,112.0,3.0,4.0,2148.0,2268.0,,,,,0.04,19.0
874,1946,1.0,,,,80208,282080,0802-08=,Aira,Kyushu-Japan,Japan,31.577,130.659,1117,Stratovolcano,,1.0,1.0,,True,False,True,Historical,D1,2.0,1.0,,,1.0,,,,,,,,,,,,,
878,1955,10.0,13.0,,,80208,282080,0802-08=,Aira,Kyushu-Japan,Japan,31.577,130.659,1117,Stratovolcano,,,1.0,,True,False,True,Historical,D1,3.0,1.0,,,,,,,,,,,,,,,,
904,1566,10.0,31.0,,,80209,282090,0802-09=,Kirishimayama,Kyushu-Japan,Japan,31.934,130.862,1700,Shield volcano,,,3.0,,True,False,True,Historical,D1,3.0,3.0,,,,,,,,,,,,,,,,
915,1716,11.0,9.0,,,80209,282090,0802-09=,Kirishimayama,Kyushu-Japan,Japan,31.934,130.862,1700,Shield volcano,,1.0,1.0,,True,False,True,Historical,D1,3.0,1.0,,,1.0,31.0,1.0,31.0,1.0,,,,,,,,,
916,1717,2.0,7.0,,,80209,282090,0802-09=,Kirishimayama,Kyushu-Japan,Japan,31.934,130.862,1700,Shield volcano,,1.0,1.0,,True,False,True,Historical,D1,3.0,1.0,,,1.0,30.0,1.0,30.0,1.0,,,,,,,,,
932,1792,5.0,21.0,568.0,1515.0,80210,282100,0802-10=,Unzendake,Kyushu-Japan,Japan,32.761,130.299,1483,Complex volcano,"W,A",15000.0,4.0,4.0,True,False,True,Historical,D1,2.0,1.0,,4.0,,,,707.0,3.0,,,6200.0,,,,,,
933,1991,6.0,3.0,,,80210,282100,0802-10=,Unzendake,Kyushu-Japan,Japan,32.761,130.299,1483,Complex volcano,P,43.0,1.0,,True,False,True,Historical,D1,1.0,1.0,,,43.0,,,,,,,,,,,,,
949,1331,12.0,,,,80211,282110,0802-11=,Asosan,Kyushu-Japan,Japan,32.885,131.085,1592,Caldera,,,1.0,,True,False,True,Historical,D1,2.0,1.0,,,,,,,,,,,,,,,,
960,1485,1.0,,,,80211,282110,0802-11=,Asosan,Kyushu-Japan,Japan,32.885,131.085,1592,Caldera,,1.0,1.0,,True,False,True,Historical,D1,2.0,1.0,,,1.0,,,,,,,,,,,,,
990,1826,10.0,,,,80211,282110,0802-11=,Asosan,Kyushu-Japan,Japan,32.885,131.085,1592,Caldera,T,,3.0,,True,False,True,Historical,D1,2.0,3.0,,,,,,,,,,,,,,,,
994,1854,2.0,,,,80211,282110,0802-11=,Asosan,Kyushu-Japan,Japan,32.885,131.085,1592,Caldera,,3.0,1.0,,True,False,True,Historical,D1,2.0,1.0,,,3.0,,,,,,,,,,,,,
